Encoder Name,Estimator Name,Label F1 Scores,Label Accuracies,Accuracy,Precision,Recall,F1 Score,Subset Accuracy,Subset Precision,Subset Recall,Subset F1,AUC,PRC AUC
sentence-transformers/all-mpnet-base-v2,sentence-transformers/all-mpnet-base-v2,"[0.2089093178510666, 0.4613952934741974, 0.3602014183998108, 0.3205268085002899, 0.14285708963871002]","[0.5843421816825867, 0.5326876640319824, 0.5899919271469116, 0.5004035234451294, 0.6707021594047546]",0.57562554,0.32159905004604594,0.3157351138967298,0.29877805335053154,0.06133979015334948,0.29105458,0.32905564,0.30889067,0.504042073083956,0.32192069790931777
