Encoder Name,Estimator Name,Loss,Label F1 Scores,Label Accuracies,Accuracy,Precision,Recall,F1 Score,Subset Accuracy,Subset Precision,Subset Recall,Subset F1,AUC,PRC AUC
sentence-transformers/all-mpnet-base-v2,sentence-transformers/all-mpnet-base-v2,0.6956862807273865,[0.35294113 0.49999994 0.4705882  0.38888884 0.24999994],[0.65625 0.5     0.71875 0.3125  0.625  ],0.4949013590812683,0.31679636240005493,0.5033487677574158,0.3631104528903961,0.022203946486115456,0.3085114657878876,0.5057428479194641,0.3810137212276459,0.4971003234386444,0.3221086859703064
sentence-transformers/all-mpnet-base-v2,sentence-transformers/all-mpnet-base-v2,0.698279857635498,[0.33333328 0.49999994 0.4705882  0.36842102 0.24999994],[0.625   0.5     0.71875 0.25    0.625  ],0.4717105031013489,0.3089870810508728,0.5296239256858826,0.3687039017677307,0.015625,0.3023574650287628,0.5297285914421082,0.38309741020202637,0.49510592222213745,0.321045458316803
sentence-transformers/all-mpnet-base-v2,sentence-transformers/all-mpnet-base-v2,0.6860524415969849,[0.26666662 0.48275852 0.4615384  0.27586204 0.28571424],[0.65625 0.53125 0.78125 0.34375 0.6875 ],0.5606907606124878,0.33256879448890686,0.37351879477500916,0.31481698155403137,0.06003289297223091,0.3043448328971863,0.3727933466434479,0.3330017626285553,0.5105616450309753,0.3324340581893921
